{"cameraMode":{"drawMode":0,"name":"Shaded","section":"Shading Mode"},"sceneLighting":false,"audioPlay":false,"sceneViewState":{"showFog":true,"showMaterialUpdate":false,"showSkybox":true,"showFlares":true,"showImageEffects":true,"showParticleSystems":true},"in2DMode":false,"pivot":{"x":544.8695068359375,"y":1126.6591796875,"z":-612.8731689453125},"rotation":{"x":-0.08247716724872589,"y":-0.07557030022144318,"z":0.0062722438015043739,"w":-0.9937040209770203},"size":2024.1375732421875,"orthographic":false}