{"cameraMode":{"drawMode":0,"name":"Shaded","section":"Shading Mode"},"sceneLighting":false,"audioPlay":false,"sceneViewState":{"showFog":true,"showMaterialUpdate":false,"showSkybox":true,"showFlares":true,"showImageEffects":true,"showParticleSystems":true},"in2DMode":false,"pivot":{"x":861.447509765625,"y":107.5379638671875,"z":1529.37158203125},"rotation":{"x":-0.13902904093265534,"y":-0.06768310070037842,"z":0.009524833410978318,"w":-0.9879280924797058},"size":2707.647216796875,"orthographic":false}