{"cameraMode":{"drawMode":0,"name":"Shaded","section":"Shading Mode"},"sceneLighting":false,"audioPlay":false,"sceneViewState":{"showFog":true,"showMaterialUpdate":false,"showSkybox":true,"showFlares":true,"showImageEffects":true,"showParticleSystems":true},"in2DMode":false,"pivot":{"x":473.574951171875,"y":1651.345703125,"z":-513.2276611328125},"rotation":{"x":-0.08247716724872589,"y":-0.07557030022144318,"z":0.0062722438015043739,"w":-0.9937040209770203},"size":1256.692626953125,"orthographic":false}