{"cameraMode":{"drawMode":0,"name":"Shaded","section":"Shading Mode"},"sceneLighting":false,"audioPlay":false,"sceneViewState":{"showFog":false,"showMaterialUpdate":false,"showSkybox":false,"showFlares":false,"showImageEffects":false,"showParticleSystems":false},"in2DMode":false,"pivot":{"x":331.3238525390625,"y":703.1453857421875,"z":-167.121826171875},"rotation":{"x":-0.02280736342072487,"y":-0.005402157548815012,"z":0.0001233318616868928,"w":-0.9997292160987854},"size":1251.6575927734375,"orthographic":false}