{"cameraMode":{"drawMode":0,"name":"Shaded","section":"Shading Mode"},"sceneLighting":false,"audioPlay":false,"sceneViewState":{"showFog":true,"showMaterialUpdate":false,"showSkybox":true,"showFlares":true,"showImageEffects":true,"showParticleSystems":true},"in2DMode":false,"pivot":{"x":230.6807861328125,"y":1513.8580322265625,"z":-354.5396728515625},"rotation":{"x":-0.059117525815963748,"y":0.9376529455184937,"z":-0.19868728518486024,"w":-0.2789902687072754},"size":3088.3818359375,"orthographic":false}