{"cameraMode":{"drawMode":0,"name":"Shaded","section":"Shading Mode"},"sceneLighting":false,"audioPlay":false,"sceneViewState":{"showFog":true,"showMaterialUpdate":false,"showSkybox":true,"showFlares":true,"showImageEffects":true,"showParticleSystems":true},"in2DMode":false,"pivot":{"x":392.5898132324219,"y":69.27330017089844,"z":9.92388916015625},"rotation":{"x":0.1455613523721695,"y":-0.08980325609445572,"z":-0.013268522918224335,"w":-0.9851757884025574},"size":1367.1231689453125,"orthographic":false}