{"cameraMode":{"drawMode":0,"name":"Shaded","section":"Shading Mode"},"sceneLighting":false,"audioPlay":false,"sceneViewState":{"showFog":true,"showMaterialUpdate":false,"showSkybox":false,"showFlares":true,"showImageEffects":true,"showParticleSystems":true},"in2DMode":false,"pivot":{"x":566.1417236328125,"y":171.92381286621095,"z":-84.73731994628906},"rotation":{"x":0.1455613523721695,"y":-0.08980325609445572,"z":-0.013268522918224335,"w":-0.9851757884025574},"size":481.8988952636719,"orthographic":false}