{"cameraMode":{"drawMode":0,"name":"Shaded","section":"Shading Mode"},"sceneLighting":false,"audioPlay":false,"sceneViewState":{"showFog":false,"showMaterialUpdate":false,"showSkybox":false,"showFlares":false,"showImageEffects":false,"showParticleSystems":false},"in2DMode":false,"pivot":{"x":139.0006103515625,"y":328.3349609375,"z":-54.80810546875},"rotation":{"x":0.08816033601760864,"y":0.3548920750617981,"z":-0.03363750874996185,"w":0.9301344156265259},"size":870.564697265625,"orthographic":false}