{"cameraMode":{"drawMode":0,"name":"Shaded","section":"Shading Mode"},"sceneLighting":false,"audioPlay":false,"sceneViewState":{"showFog":true,"showMaterialUpdate":false,"showSkybox":true,"showFlares":true,"showImageEffects":true,"showParticleSystems":true},"in2DMode":false,"pivot":{"x":611.438720703125,"y":444.85699462890627,"z":1661.56982421875},"rotation":{"x":-0.13902904093265534,"y":-0.06768310070037842,"z":0.009524833410978318,"w":-0.9879280924797058},"size":2707.647216796875,"orthographic":false}