{"cameraMode":{"drawMode":0,"name":"Shaded","section":"Shading Mode"},"sceneLighting":false,"audioPlay":false,"sceneViewState":{"showFog":true,"showMaterialUpdate":false,"showSkybox":true,"showFlares":true,"showImageEffects":true,"showParticleSystems":true},"in2DMode":false,"pivot":{"x":-1.0458183288574219,"y":0.14531517028808595,"z":-0.0000019073486328125},"rotation":{"x":0.1455613523721695,"y":-0.08980325609445572,"z":-0.013268522918224335,"w":-0.9851757884025574},"size":127.33895874023438,"orthographic":false}