{"cameraMode":{"drawMode":0,"name":"Shaded","section":"Shading Mode"},"sceneLighting":false,"audioPlay":false,"sceneViewState":{"showFog":false,"showMaterialUpdate":false,"showSkybox":false,"showFlares":false,"showImageEffects":false,"showParticleSystems":false},"in2DMode":false,"pivot":{"x":490.6247253417969,"y":652.0855712890625,"z":482.0849609375},"rotation":{"x":-0.003308149054646492,"y":0.029092831537127496,"z":-0.00009629393025534227,"w":-0.9995720386505127},"size":1320.841796875,"orthographic":false}