{"cameraMode":{"drawMode":0,"name":"Shaded","section":"Shading Mode"},"sceneLighting":false,"audioPlay":false,"sceneViewState":{"showFog":false,"showMaterialUpdate":false,"showSkybox":false,"showFlares":false,"showImageEffects":false,"showParticleSystems":false},"in2DMode":false,"pivot":{"x":430.6301574707031,"y":594.1494750976563,"z":6.0157470703125},"rotation":{"x":0.04317600652575493,"y":0.00659048929810524,"z":0.00028488432872109115,"w":-0.9990453720092773},"size":1471.942626953125,"orthographic":false}