{"cameraMode":{"drawMode":0,"name":"Shaded","section":"Shading Mode"},"sceneLighting":false,"audioPlay":false,"sceneViewState":{"showFog":false,"showMaterialUpdate":false,"showSkybox":false,"showFlares":false,"showImageEffects":false,"showParticleSystems":false},"in2DMode":false,"pivot":{"x":20.572418212890626,"y":162.80967712402345,"z":8.50958251953125},"rotation":{"x":0.08816033601760864,"y":0.3548920750617981,"z":-0.03363750874996185,"w":0.9301344156265259},"size":617.5125732421875,"orthographic":false}