{"cameraMode":{"drawMode":0,"name":"Shaded","section":"Shading Mode"},"sceneLighting":false,"audioPlay":false,"sceneViewState":{"showFog":true,"showMaterialUpdate":false,"showSkybox":false,"showFlares":true,"showImageEffects":true,"showParticleSystems":true},"in2DMode":false,"pivot":{"x":417.02880859375,"y":146.7794189453125,"z":17.0428466796875},"rotation":{"x":0.04916566610336304,"y":0.014079175889492035,"z":0.0006931803072802722,"w":-0.9986913800239563},"size":910.6699829101563,"orthographic":false}