{"cameraMode":{"drawMode":0,"name":"Shaded","section":"Shading Mode"},"sceneLighting":false,"audioPlay":false,"sceneViewState":{"showFog":false,"showMaterialUpdate":false,"showSkybox":false,"showFlares":false,"showImageEffects":false,"showParticleSystems":false},"in2DMode":false,"pivot":{"x":537.2632446289063,"y":675.946533203125,"z":-472.6470947265625},"rotation":{"x":-0.00930215884000063,"y":0.0395844541490078,"z":-0.0003684797266032547,"w":-0.9991729855537415},"size":892.8682250976563,"orthographic":false}