{"cameraMode":{"drawMode":0,"name":"Shaded","section":"Shading Mode"},"sceneLighting":false,"audioPlay":false,"sceneViewState":{"showFog":true,"showMaterialUpdate":false,"showSkybox":true,"showFlares":true,"showImageEffects":true,"showParticleSystems":true},"in2DMode":false,"pivot":{"x":614.6152954101563,"y":464.6175231933594,"z":-735.4915771484375},"rotation":{"x":-0.08247716724872589,"y":-0.07557030022144318,"z":0.0062722438015043739,"w":-0.9937040209770203},"size":930.9815673828125,"orthographic":false}