{"cameraMode":{"drawMode":0,"name":"Shaded","section":"Shading Mode"},"sceneLighting":false,"audioPlay":false,"sceneViewState":{"showFog":false,"showMaterialUpdate":false,"showSkybox":false,"showFlares":false,"showImageEffects":false,"showParticleSystems":false},"in2DMode":false,"pivot":{"x":495.4368591308594,"y":610.5875854492188,"z":-50.4376220703125},"rotation":{"x":0.07189520448446274,"y":-0.03440388664603233,"z":0.002481445437297225,"w":0.9968178272247315},"size":1089.73876953125,"orthographic":false}