{"cameraMode":{"drawMode":0,"name":"Shaded","section":"Shading Mode"},"sceneLighting":false,"audioPlay":false,"sceneViewState":{"showFog":false,"showMaterialUpdate":false,"showSkybox":false,"showFlares":false,"showImageEffects":false,"showParticleSystems":false},"in2DMode":false,"pivot":{"x":623.449951171875,"y":611.820556640625,"z":-249.45068359375},"rotation":{"x":0.08816033601760864,"y":0.3548920750617981,"z":-0.03363750874996185,"w":0.9301344156265259},"size":1543.741455078125,"orthographic":false}