{"cameraMode":{"drawMode":0,"name":"Shaded","section":"Shading Mode"},"sceneLighting":false,"audioPlay":false,"sceneViewState":{"showFog":false,"showMaterialUpdate":false,"showSkybox":false,"showFlares":false,"showImageEffects":false,"showParticleSystems":false},"in2DMode":false,"pivot":{"x":326.94390869140627,"y":603.0169677734375,"z":-49.641357421875},"rotation":{"x":0.04317600652575493,"y":0.00659048929810524,"z":0.00028488432872109115,"w":-0.9990453720092773},"size":1590.0079345703125,"orthographic":false}