{"cameraMode":{"drawMode":0,"name":"Shaded","section":"Shading Mode"},"sceneLighting":false,"audioPlay":false,"sceneViewState":{"showFog":true,"showMaterialUpdate":false,"showSkybox":true,"showFlares":true,"showImageEffects":true,"showParticleSystems":true},"in2DMode":false,"pivot":{"x":422.65570068359377,"y":769.0543212890625,"z":-654.6441650390625},"rotation":{"x":-0.08247716724872589,"y":-0.07557030022144318,"z":0.0062722438015043739,"w":-0.9937040209770203},"size":1161.8472900390625,"orthographic":false}