{"cameraMode":{"drawMode":0,"name":"Shaded","section":"Shading Mode"},"sceneLighting":false,"audioPlay":false,"sceneViewState":{"showFog":false,"showMaterialUpdate":false,"showSkybox":false,"showFlares":false,"showImageEffects":false,"showParticleSystems":false},"in2DMode":false,"pivot":{"x":455.461181640625,"y":672.2935791015625,"z":7.3660888671875},"rotation":{"x":0.07189520448446274,"y":-0.03440388664603233,"z":0.002481445437297225,"w":0.9968178272247315},"size":1441.7642822265625,"orthographic":false}