{"cameraMode":{"drawMode":0,"name":"Shaded","section":"Shading Mode"},"sceneLighting":false,"audioPlay":false,"sceneViewState":{"showFog":false,"showMaterialUpdate":false,"showSkybox":false,"showFlares":false,"showImageEffects":false,"showParticleSystems":false},"in2DMode":false,"pivot":{"x":431.6738586425781,"y":583.1536254882813,"z":6.9384765625},"rotation":{"x":0.04317600652575493,"y":0.00659048929810524,"z":0.00028488432872109115,"w":-0.9990453720092773},"size":1578.0518798828125,"orthographic":false}