{"cameraMode":{"drawMode":0,"name":"Shaded","section":"Shading Mode"},"sceneLighting":false,"audioPlay":false,"sceneViewState":{"showFog":true,"showMaterialUpdate":false,"showSkybox":true,"showFlares":true,"showImageEffects":true,"showParticleSystems":true},"in2DMode":false,"pivot":{"x":379.8209228515625,"y":363.1195983886719,"z":-716.7345581054688},"rotation":{"x":-0.08247716724872589,"y":-0.07557030022144318,"z":0.0062722438015043739,"w":-0.9937040209770203},"size":74.71305084228516,"orthographic":false}