{"cameraMode":{"drawMode":0,"name":"Shaded","section":"Shading Mode"},"sceneLighting":false,"audioPlay":false,"sceneViewState":{"showFog":true,"showMaterialUpdate":false,"showSkybox":false,"showFlares":true,"showImageEffects":true,"showParticleSystems":true},"in2DMode":false,"pivot":{"x":691.643310546875,"y":342.0068054199219,"z":16.697784423828126},"rotation":{"x":0.04916566610336304,"y":0.014079175889492035,"z":0.0006931803072802722,"w":-0.9986913800239563},"size":238.0775604248047,"orthographic":false}