{"cameraMode":{"drawMode":0,"name":"Shaded","section":"Shading Mode"},"sceneLighting":false,"audioPlay":false,"sceneViewState":{"showFog":true,"showMaterialUpdate":false,"showSkybox":true,"showFlares":true,"showImageEffects":true,"showParticleSystems":true},"in2DMode":false,"pivot":{"x":0.0,"y":2.864156723022461,"z":1.8637561798095704},"rotation":{"x":-0.059117525815963748,"y":0.9376529455184937,"z":-0.19868728518486024,"w":-0.2789902687072754},"size":99.27462768554688,"orthographic":false}