{"cameraMode":{"drawMode":0,"name":"Shaded","section":"Shading Mode"},"sceneLighting":false,"audioPlay":false,"sceneViewState":{"showFog":false,"showMaterialUpdate":false,"showSkybox":false,"showFlares":false,"showImageEffects":false,"showParticleSystems":false},"in2DMode":false,"pivot":{"x":381.7198181152344,"y":627.9916381835938,"z":-55.765625},"rotation":{"x":0.07189520448446274,"y":-0.03440388664603233,"z":0.002481445437297225,"w":0.9968178272247315},"size":1159.0726318359375,"orthographic":false}