{"cameraMode":{"drawMode":0,"name":"Shaded","section":"Shading Mode"},"sceneLighting":false,"audioPlay":false,"sceneViewState":{"showFog":false,"showMaterialUpdate":false,"showSkybox":false,"showFlares":false,"showImageEffects":false,"showParticleSystems":false},"in2DMode":false,"pivot":{"x":756.2167358398438,"y":911.6057739257813,"z":-456.459716796875},"rotation":{"x":0.08816033601760864,"y":0.3548920750617981,"z":-0.03363750874996185,"w":0.9301344156265259},"size":2109.31396484375,"orthographic":false}