{"cameraMode":{"drawMode":0,"name":"Shaded","section":"Shading Mode"},"sceneLighting":false,"audioPlay":false,"sceneViewState":{"showFog":false,"showMaterialUpdate":false,"showSkybox":false,"showFlares":false,"showImageEffects":false,"showParticleSystems":false},"in2DMode":false,"pivot":{"x":-32.386451721191409,"y":11.69887924194336,"z":17.05609130859375},"rotation":{"x":0.08816033601760864,"y":0.3548920750617981,"z":-0.03363750874996185,"w":0.9301344156265259},"size":166.1402587890625,"orthographic":false}