{"cameraMode":{"drawMode":0,"name":"Shaded","section":"Shading Mode"},"sceneLighting":false,"audioPlay":false,"sceneViewState":{"showFog":false,"showMaterialUpdate":false,"showSkybox":false,"showFlares":false,"showImageEffects":false,"showParticleSystems":false},"in2DMode":false,"pivot":{"x":513.136474609375,"y":670.825439453125,"z":-27.130859375},"rotation":{"x":0.04317600652575493,"y":0.00659048929810524,"z":0.00028488432872109115,"w":-0.9990453720092773},"size":2164.55908203125,"orthographic":false}