{"cameraMode":{"drawMode":0,"name":"Shaded","section":"Shading Mode"},"sceneLighting":false,"audioPlay":false,"sceneViewState":{"showFog":false,"showMaterialUpdate":false,"showSkybox":false,"showFlares":false,"showImageEffects":false,"showParticleSystems":false},"in2DMode":false,"pivot":{"x":543.775390625,"y":1108.63232421875,"z":54.35565185546875},"rotation":{"x":0.04317600652575493,"y":0.00659048929810524,"z":0.00028488432872109115,"w":-0.9990453720092773},"size":1112.87646484375,"orthographic":false}