{"cameraMode":{"drawMode":0,"name":"Shaded","section":"Shading Mode"},"sceneLighting":false,"audioPlay":false,"sceneViewState":{"showFog":true,"showMaterialUpdate":false,"showSkybox":false,"showFlares":true,"showImageEffects":true,"showParticleSystems":true},"in2DMode":false,"pivot":{"x":609.005859375,"y":572.8923950195313,"z":15.961181640625},"rotation":{"x":0.04916566610336304,"y":0.014079175889492035,"z":0.0006931803072802722,"w":-0.9986913800239563},"size":1633.8094482421875,"orthographic":false}