{"cameraMode":{"drawMode":0,"name":"Shaded","section":"Shading Mode"},"sceneLighting":false,"audioPlay":false,"sceneViewState":{"showFog":false,"showMaterialUpdate":false,"showSkybox":false,"showFlares":false,"showImageEffects":false,"showParticleSystems":false},"in2DMode":false,"pivot":{"x":431.54864501953127,"y":900.5494384765625,"z":-71.054931640625},"rotation":{"x":0.04916566610336304,"y":0.014079175889492035,"z":0.0006931803072802722,"w":-0.9986913800239563},"size":1833.8743896484375,"orthographic":false}