{"cameraMode":{"drawMode":0,"name":"Shaded","section":"Shading Mode"},"sceneLighting":false,"audioPlay":false,"sceneViewState":{"showFog":true,"showMaterialUpdate":false,"showSkybox":true,"showFlares":true,"showImageEffects":true,"showParticleSystems":true},"in2DMode":false,"pivot":{"x":609.8687744140625,"y":134.05128479003907,"z":-52.8685302734375},"rotation":{"x":0.1455613523721695,"y":-0.08980325609445572,"z":-0.013268522918224335,"w":-0.9851757884025574},"size":1073.63525390625,"orthographic":false}