{"cameraMode":{"drawMode":0,"name":"Shaded","section":"Shading Mode"},"sceneLighting":false,"audioPlay":false,"sceneViewState":{"showFog":true,"showMaterialUpdate":false,"showSkybox":true,"showFlares":true,"showImageEffects":true,"showParticleSystems":true},"in2DMode":false,"pivot":{"x":-0.04279327392578125,"y":5.6913604736328129,"z":0.05903816223144531},"rotation":{"x":-0.059117525815963748,"y":0.9376529455184937,"z":-0.19868728518486024,"w":-0.2789902687072754},"size":113.07015228271485,"orthographic":false}